Artist,Song Title,Tempo,Loudness,Energy,Genre,Danceability,Mode,Valence,sadness_verse,joy_verse,fear_verse,disgust_verse,anger_verse,sadness_chorus,joy_chorus,fear_chorus,disgust_chorus,anger_chorus
Albert Ayler,Music is the Healing force of the Universe,86.478,-7.32,0.736,4,0.303,1,0.424,0.297842,0.6435270000000001,0.023434,0.0018629999999999999,0.058053999999999994,0.183425,0.7730319999999999,0.035934,0.0012439999999999999,0.014387
Antonio Flores,Isla de Palma,118.029,-11.333,0.6609999999999999,5,0.883,1,0.862,0.403503,0.377848,0.154008,0.15808,0.011867,0.132957,0.572446,0.377735,0.002654,0.008717
Badfinger,Come On,142.38,-6.832000000000002,0.877,3,0.519,1,0.7170000000000001,0.428785,0.41616899999999996,0.064478,0.023707,0.171035,0.153447,0.328575,0.14058900000000002,0.071614,0.12738
Badfinger,Dennis,118.191,-8.446,0.6659999999999999,3,0.329,1,0.547,0.061348,0.42565699999999995,0.467841,0.13389,0.066499,0.548347,0.205348,0.044473,0.097251,0.24851199999999998
Badfinger,Just A Chance,123.517,-9.063,0.752,3,0.398,1,0.71,0.5142359999999999,0.050308,0.193708,0.048115,0.143655,0.6319100000000001,0.012463,0.280514,0.090544,0.25258800000000003
Badfinger,Know One Knows,119.829,-8.228,0.743,3,0.475,0,0.5479999999999999,0.48610699999999996,0.304272,0.23428800000000002,0.021502,0.07498400000000001,0.10843599999999999,0.730176,0.068314,0.037594,0.053366
Badfinger,Rock N' Roll Contract,159.335,-9.317,0.841,3,0.325,0,0.49,0.701646,0.062193,0.118404,0.104477,0.24094699999999997,0.15404500000000002,0.20992399999999997,0.163634,0.066356,0.120948
Badfinger,Three Time Loser,125.466,-8.013,0.897,3,0.627,1,0.8740000000000001,0.5155069999999999,0.22885999999999998,0.13389500000000001,0.168,0.118165,0.609175,0.064401,0.06982100000000001,0.168463,0.35641300000000004
Badfinger,Too Hung Up On You,100.904,-8.514,0.731,3,0.649,1,0.721,0.21023499999999998,0.272624,0.149741,0.153876,0.11425199999999999,0.6931729999999999,0.022259,0.147759,0.086962,0.364451
Billie Holiday,Gloomy Sunday,127.089,-11.273,0.0823,6,0.484,0,0.191,0.274873,0.306347,0.040596,0.005224,0.49692299999999995,0.229971,0.338509,0.547,0.00053,0.01277
Bob Brozman,The Lonesome Road,76.247,-15.873,0.127,7,0.56,1,0.36,0.45736099999999996,0.204122,0.238156,0.058784,0.029774000000000002,0.051102999999999996,0.551653,0.05519299999999999,0.198594,0.11441199999999999
Chris Cornell,Before We Disappear,147.349,-5.635,0.6729999999999999,8,0.399,1,0.326,0.317384,0.496134,0.11780999999999998,0.048092,0.109866,0.44261000000000006,0.025406,0.685311,0.035944,0.046943
Chris Cornell,Bend In The Road,152.007,-5.76,0.58,8,0.3670000000000001,1,0.304,0.191621,0.693554,0.017372,0.003055,0.129111,0.612576,0.24879400000000002,0.13903800000000002,0.064397,0.045792
Chris Cornell,Circling,179.821,-8.071,0.441,8,0.406,1,0.104,0.569551,0.041718,0.554285,0.025083,0.072979,0.33569299999999996,0.48992399999999997,0.154446,0.026764,0.08544700000000001
Chris Cornell,Dead Wishes,100.026,-5.5710000000000015,0.716,8,0.5720000000000001,1,0.343,0.615354,0.21843600000000002,0.178887,0.10438099999999999,0.04768,0.795809,0.093513,0.102527,0.058302,0.140224
Chris Cornell,Higher Truth,119.531,-5.426,0.792,8,0.595,0,0.611,0.672986,0.063663,0.131557,0.106099,0.28499,0.47948500000000005,0.217468,0.19661900000000002,0.068438,0.136569
Chris Cornell,Josephine,78.023,-7.057,0.379,8,0.299,1,0.222,0.5438850000000001,0.035203,0.193867,0.275321,0.320851,0.123485,0.673944,0.085654,0.07589299999999999,0.122748
Chris Cornell,Let Your Eyes Wander,132.804,-10.678,0.294,8,0.516,1,0.579,0.211684,0.626149,0.073351,0.060451,0.108624,0.12998099999999999,0.749993,0.063371,0.04376,0.033951
Chris Cornell,Misery Chain,87.539,-8.73,0.338,8,0.456,0,0.115,0.602662,0.524435,0.14215999999999998,0.092139,0.187927,0.721122,0.19127,0.08519,0.065486,0.129457
Chris Cornell,Murderer Of Blue Skies,80.061,-6.557,0.745,8,0.4920000000000001,1,0.32,0.21490399999999998,0.233325,0.09903300000000001,0.141549,0.49976400000000004,0.383639,0.06705599999999999,0.38795100000000005,0.059334000000000005,0.22573600000000002
Chris Cornell,Nearly Forgot My Broken Heart,119.531,-5.426,0.792,8,0.595,0,0.611,0.375369,0.065137,0.42719799999999997,0.162104,0.338014,0.8851629999999999,0.013675999999999999,0.173622,0.086631,0.0706
Chris Cornell,Only These Words,106.004,-6.3,0.634,8,0.556,1,0.789,0.24746700000000002,0.672878,0.043268,0.032027,0.041523000000000004,0.133507,0.6846770000000001,0.069854,0.083578,0.026534
Chris Cornell,Our Time In The Universe,118.01,-6.238,0.865,8,0.521,0,0.415,0.358566,0.40178600000000003,0.136081,0.00978,0.201823,0.18825999999999998,0.205945,0.686933,0.016832,0.040598
Chris Cornell,Through The Window,76.90100000000002,-6.937,0.479,8,0.528,1,0.376,0.766712,0.078323,0.134957,0.143501,0.076859,0.799711,0.057615999999999994,0.20591700000000002,0.086355,0.05910700000000001
Chris Cornell,Worried Moon,90.993,-5.754,0.755,8,0.534,1,0.479,0.091185,0.476891,0.5136390000000001,0.0033590000000000004,0.004311,0.08746699999999999,0.027292,0.9473020000000001,0.023888999999999997,0.016457
Chris Cornell,Wrong Side,125.975,-5.359,0.6609999999999999,8,0.392,0,0.158,0.639452,0.053253999999999996,0.156443,0.055125,0.38201999999999997,0.41337299999999993,0.14878,0.172499,0.21749000000000002,0.334663
Del Shannon,Runaway,139.42700000000002,-5.811,0.629,9,0.715,1,0.853,0.249214,0.656907,0.125629,0.001989,0.01207,0.767237,0.021319,0.242946,0.041519,0.180976
Donny Hathaway,Come Little Children,121.644,-7.626,0.7809999999999999,10,0.685,1,0.861,0.697687,0.21568299999999999,0.083594,0.073947,0.049782,0.354858,0.282012,0.21574400000000002,0.152589,0.096697
Donny Hathaway,Flying Easy,151.985,-10.708,0.726,10,0.544,1,0.6829999999999999,0.016385,0.9492290000000001,0.014913999999999998,0.0070290000000000005,0.0051140000000000005,0.019508,0.944592,0.024841,0.004111999999999999,0.005147
Donny Hathaway,I Love You More Than You'll Ever Know,86.23899999999998,-15.617,0.219,10,0.304,0,0.199,0.09085,0.713795,0.107607,0.043475,0.056162000000000004,0.376801,0.443461,0.05954299999999999,0.074556,0.131641
Donny Hathaway,Lord Help Me,127.897,-7.903,0.523,10,0.419,1,0.4270000000000001,0.059698,0.716003,0.022702,0.005684000000000001,0.008867,0.042608999999999994,0.877926,0.053002999999999995,0.003921,0.00626
Donny Hathaway,Love love love,93.777,-8.71,0.636,10,0.4970000000000001,1,0.69,0.136344,0.74854,0.128923,0.004604,0.016793000000000002,0.10436600000000001,0.797056,0.083949,0.041533999999999995,0.011629
Donny Hathaway,Magdalena,131.83,-9.523,0.778,10,0.438,1,0.833,0.45935200000000004,0.20021,0.136999,0.186594,0.286329,0.213641,0.442267,0.37001300000000004,0.014906,0.028064
Donny Hathaway,Someday We'll All Be Free,77.02199999999998,-11.497,0.413,10,0.379,1,0.249,0.07295,0.620038,0.34371,0.012163,0.013722,0.13056099999999998,0.361711,0.101137,0.10056,0.167884
Elliott Smith,A Distorted Reality is Now a Necessity to be Free,83.512,-9.621,0.441,11,0.575,1,0.294,0.48438000000000003,0.09350499999999999,0.058717,0.227338,0.45647600000000005,0.24543800000000002,0.713148,0.05363099999999999,0.001375,0.002665
Elliott Smith,A Passing Feeling,73.715,-8.465,0.52,11,0.368,0,0.16,0.495476,0.035331,0.185409,0.040119,0.529884,0.498328,0.090286,0.216902,0.20309100000000002,0.14444200000000001
Elliott Smith,Coast To Coast,84.40899999999998,-9.803,0.677,11,0.183,1,0.174,0.337405,0.01923,0.188802,0.063707,0.6733560000000001,0.24913400000000002,0.027358999999999998,0.23603200000000002,0.012541,0.35731799999999997
Elliott Smith,Don't Go Down,176.25099999999995,-8.206,0.583,11,0.173,1,0.229,0.259339,0.47319399999999995,0.178368,0.026683,0.20845300000000003,0.0777,0.610824,0.058362,0.143131,0.09066
Elliott Smith,King's Crossing,122.553,-10.027,0.343,11,0.395,0,0.0589,0.071386,0.589084,0.194245,0.04962,0.215675,0.41568999999999995,0.00978,0.083829,0.281077,0.574887
Elliott Smith,Let's Get Lost,92.112,-15.223,0.337,11,0.541,0,0.575,0.160949,0.25199299999999997,0.202323,0.11861400000000001,0.163833,0.669995,0.22384,0.161022,0.024562999999999998,0.06707300000000001
Elliott Smith,Little One,118.995,-14.704,0.135,11,0.466,1,0.271,0.704372,0.11724200000000001,0.185224,0.012136,0.081225,0.120227,0.189661,0.48715,0.004764,0.090209
Elliott Smith,Memory Lane,106.043,-12.264,0.35600000000000004,11,0.613,0,0.484,0.050727999999999995,0.097055,0.48618999999999996,0.186834,0.48899899999999996,0.5210640000000001,0.024529,0.445633,0.08862,0.264371
Elliott Smith,Pretty (Ugly Before),75.788,-7.707999999999998,0.509,11,0.487,1,0.19,0.34824,0.5137149999999999,0.09805599999999999,0.09700299999999999,0.044646,0.190166,0.709704,0.07749099999999999,0.021506,0.036871
Elliott Smith,Shooting Star,105.953,-7.562,0.7979999999999999,11,0.517,1,0.505,0.30093600000000004,0.541403,0.018086,0.094115,0.132272,0.862848,0.005649,0.174967,0.152429,0.060961
Elliott Smith,Strung Out Again,122.524,-10.028,0.362,11,0.453,0,0.212,0.105701,0.6472479999999999,0.028227999999999996,0.254386,0.06169500000000001,0.302989,0.030427,0.21049099999999998,0.141373,0.589377
Elliott Smith,The Last Hour,117.878,-17.814,0.171,11,0.594,1,0.279,0.611254,0.064362,0.374812,0.087512,0.15925899999999998,0.19606099999999999,0.118505,0.290674,0.06993400000000001,0.516092
Elliott Smith,Twilight,140.998,-13.039,0.377,11,0.428,1,0.487,0.52915,0.43604899999999996,0.070999,0.008801999999999999,0.011067,0.190855,0.7737470000000001,0.046808999999999996,0.003043,0.008008
Ephraim Lewis,Drowning in Your Eyes,110.446,-12.625,0.419,12,0.6890000000000001,0,0.529,0.27800199999999997,0.6298060000000001,0.11123699999999999,0.006726,0.021566,0.406487,0.20917399999999997,0.260412,0.22205100000000003,0.140722
Ephraim Lewis,Mortal Seed,86.095,-11.008,0.423,12,0.318,1,0.298,0.36433000000000004,0.506253,0.017574,0.025213,0.144676,0.354925,0.216322,0.26873400000000003,0.1936,0.167445
Ephraim Lewis,Sad Song,120.577,-13.414,0.457,12,0.6,1,0.5579999999999999,0.850209,0.034230000000000003,0.246544,0.024878,0.02224,0.913824,0.059421,0.034119,0.016625,0.008014
Germs,American Leather,130.154,-7.286,0.949,13,0.289,1,0.69,0.536321,0.04231,0.433583,0.080736,0.245523,0.20858600000000002,0.157994,0.042131,0.450428,0.100388
Germs,Caught In My Eye,148.016,-15.743,0.799,13,0.364,0,0.422,0.35714,0.099436,0.478995,0.096606,0.29118,0.524226,0.133482,0.382334,0.127875,0.064777
Germs,Communist Eyes,126.523,-8.816,0.895,13,0.361,1,0.855,0.205513,0.263982,0.077051,0.505217,0.109643,0.682948,0.026904,0.194555,0.12009,0.184849
Germs,Dragon Lady,114.152,-8.683,0.7759999999999999,13,0.399,1,0.732,0.6549020000000001,0.093872,0.16842200000000002,0.082116,0.27067800000000003,0.13034300000000001,0.682701,0.034588,0.164348,0.037305
Germs,Land of Treason,125.561,-7.45,0.99,13,0.45,0,0.461,0.7075520000000001,0.061097000000000005,0.211179,0.14713099999999998,0.12903499999999998,0.526529,0.103647,0.19883199999999998,0.185443,0.31981
Germs,Let's Pretend,108.918,-7.776,0.986,13,0.43,0,0.337,0.594633,0.28764,0.055242999999999993,0.032539,0.148502,0.16869800000000001,0.08469199999999999,0.034214999999999995,0.322718,0.63351
Germs,Lexicon Devil,106.272,-7.4689999999999985,0.877,13,0.504,0,0.821,0.5738810000000001,0.007456999999999999,0.110402,0.377127,0.304388,0.046873000000000005,0.49672,0.203259,0.14721800000000002,0.13558800000000001
Germs,Manimal,105.879,-8.354,0.956,13,0.318,0,0.319,0.434141,0.1818,0.28118899999999997,0.212777,0.15262699999999998,0.15284,0.359734,0.102003,0.261818,0.283408
Germs,Media Blitz,125.943,-11.192,0.8759999999999999,13,0.44,1,0.721,0.372081,0.23779099999999997,0.087935,0.12670399999999998,0.286804,0.29955,0.18220799999999998,0.116551,0.27914,0.29388400000000003
Germs,Our Way,116.348,-6.882999999999999,0.952,13,0.52,1,0.6920000000000001,0.827569,0.13736099999999998,0.031863999999999996,0.059773,0.024584,0.260475,0.156555,0.212348,0.273268,0.416508
Germs,Richie Dagger's Crime,103.056,-8.297,0.911,13,0.379,1,0.5710000000000001,0.124419,0.42442399999999997,0.009632,0.44673500000000005,0.181816,0.148952,0.584792,0.041173,0.071061,0.21782600000000002
Germs,Shut Down,121.342,-8.007,0.8240000000000001,13,0.319,0,0.665,0.26923,0.24920799999999999,0.216718,0.056214,0.41958999999999996,0.36706,0.179101,0.26018,0.047075,0.257813
Germs,Strange Notes,133.02,-8.196,0.937,13,0.245,1,0.679,0.480583,0.19833399999999998,0.13594900000000001,0.145823,0.255458,0.6878029999999999,0.06933500000000001,0.251109,0.094331,0.115548
Germs,The Other Newest One,136.688,-8.228,0.9,13,0.5720000000000001,1,0.737,0.69112,0.155329,0.251288,0.025730000000000003,0.043637,0.23178800000000002,0.598078,0.162529,0.018328999999999998,0.057238
Germs,The Slave,122.589,-8.769,0.949,13,0.361,0,0.574,0.181833,0.301184,0.255796,0.390326,0.079621,0.357404,0.33229699999999995,0.16835999999999998,0.119512,0.193214
Germs,We Must Bleed,108.991,-7.5870000000000015,0.968,13,0.295,0,0.256,0.044885,0.154949,0.209666,0.05864,0.6897909999999999,0.6332720000000001,0.03586,0.3498,0.030551,0.160551
Germs,What We Do Is Secret,112.28,-6.507999999999999,0.816,13,0.518,1,0.843,0.233248,0.693759,0.033701999999999996,0.014503,0.057285,0.118567,0.738488,0.058712,0.025092,0.116876
Gin Blossoms,"Hey, Jealousy",153.005,-7.42,0.785,11,0.464,0,0.528,0.548445,0.24823,0.157208,0.03683,0.157915,0.1739,0.414045,0.184626,0.083078,0.301673
Herman Brood,My Way,152.011,-15.722,0.282,3,0.425,1,0.141,0.703905,0.133251,0.144921,0.109828,0.095601,0.685343,0.282552,0.030786,0.013218,0.047737
Herman Brood,When I Get Home,116.697,-15.936,0.14,3,0.607,1,0.57,0.37590500000000004,0.192363,0.277942,0.034638,0.11770599999999999,0.082429,0.683606,0.109604,0.085018,0.10307999999999999
hide,ever free,129.129,-12.474,0.35700000000000004,14,0.609,1,0.5489999999999999,0.573485,0.364759,0.095961,0.010617,0.054479999999999994,0.298029,0.24393299999999998,0.451842,0.035135,0.057773000000000005
hide,Hurry go round,84.024,-11.773,0.317,14,0.557,1,0.7979999999999999,0.494021,0.455219,0.061427999999999996,0.042575,0.028054000000000003,0.811072,0.054879,0.20069,0.016141,0.118549
hide,Rocket Dive,121.029,-13.419,0.374,14,0.615,1,0.518,0.20365,0.613491,0.041586,0.033839,0.134054,0.160707,0.48206400000000005,0.20214000000000001,0.20106300000000002,0.09864500000000001
Jonghyun,#Hashtag,105.058,-8.783999999999999,0.464,1,0.86,0,0.652,0.1827,0.023385,0.06665,0.37785799999999997,0.657831,0.13761199999999998,0.337696,0.018188,0.356135,0.352973
Jonghyun,Before Our Spring,103.976,-9.518,0.246,1,0.634,1,0.404,0.065117,0.9128930000000001,0.012306000000000001,0.002553,0.006147,0.209123,0.24983000000000002,0.576325,0.021309,0.068941
Jonghyun,Grease,139.79,-3.892,0.779,1,0.585,1,0.708,0.761584,0.011761,0.190084,0.141059,0.20599,0.742598,0.013113,0.13211900000000001,0.092184,0.321946
Jonghyun,Just for a day,99.872,-3.846,0.802,1,0.711,1,0.3670000000000001,0.449842,0.30246100000000004,0.268298,0.047476,0.081678,0.47619700000000004,0.223784,0.21496500000000002,0.052506,0.107518
Jonghyun,Only One You Need,113.937,-3.967,0.799,1,0.629,0,0.512,0.6027140000000001,0.443604,0.734631,0.076049,0.155717,0.267307,0.02988,0.10041699999999999,0.010541,0.033069
Jonghyun,Rewind,118.003,-5.45,0.7490000000000001,1,0.922,0,0.535,0.40221999999999997,0.155323,0.10636500000000002,0.129934,0.43082600000000004,0.061936,0.10401700000000001,0.060835,0.009525,0.045087999999999996
Jonghyun,Sentimental,82.95100000000002,-5.25,0.635,1,0.466,0,0.396,0.779903,0.027967000000000002,0.323393,0.053784000000000005,0.038872000000000004,0.7208939999999999,0.074478,0.210179,0.128074,0.103155
Jonghyun,Shinin',115.085,-2.873,0.853,1,0.741,1,0.731,0.091363,0.584091,0.28329099999999996,0.018137999999999998,0.009844,0.014813999999999999,0.567268,0.013415999999999999,0.009428,0.024065
Jonghyun,Sightseeing,85.023,-2.833,0.902,1,0.6759999999999999,1,0.7759999999999999,0.111728,0.052887,0.313691,0.475199,0.399097,0.097787,0.071019,0.13505,0.46863299999999997,0.190046
Jonghyun,Take The Dive,105.108,-4.114,0.708,1,0.52,0,0.527,0.383619,0.543914,0.076947,0.009795,0.024031,0.023393999999999998,0.353351,0.025435,0.020234000000000002,0.013396000000000002
Joy Division,A Means to an End,130.549,-7.9460000000000015,0.7859999999999999,11,0.655,0,0.752,0.199087,0.39161799999999997,0.149534,0.33471999999999996,0.089411,0.228237,0.20471,0.21402600000000002,0.09904600000000001,0.37552800000000003
Joy Division,Atrocity Exhibition,126.435,-7.348,0.767,11,0.565,1,0.787,0.513933,0.053594,0.30029,0.332615,0.148838,0.173807,0.305669,0.042705,0.044532999999999996,0.153752
Joy Division,Colony,137.612,-7.292000000000002,0.88,11,0.6,1,0.8079999999999999,0.7002229999999999,0.008827,0.422451,0.061315999999999996,0.11460799999999999,0.050744,0.798621,0.023016,0.032366000000000006,0.11590299999999999
Joy Division,Decades,107.089,-9.206,0.5379999999999999,11,0.5720000000000001,1,0.436,0.451679,0.00902,0.609453,0.091461,0.19171400000000002,0,0,0,0,0
Joy Division,Heart and Soul,149.774,-9.817,0.611,11,0.64,1,0.68,0.44152299999999994,0.21076399999999998,0.296269,0.026895999999999996,0.254974,0.45348,0.454057,0.12124700000000001,0.001918,0.045362
Joy Division,Isolation,151.52200000000005,-8.12,0.7829999999999999,11,0.544,1,0.6970000000000001,0.11433499999999999,0.73653,0.12434100000000001,0.039447,0.035512,0,0,0,0,0
Joy Division,Love Will Tear Us Apart,146.83,-8.662,0.902,11,0.525,1,0.907,0.567964,0.026329,0.126216,0.407658,0.21711100000000003,0.168294,0.7392029999999999,0.047943,0.017192,0.046608
Joy Division,Passover,127.977,-11.936,0.5770000000000001,11,0.773,1,0.941,0.392831,0.027068000000000002,0.20055499999999998,0.12222000000000001,0.6062960000000001,0.505616,0.043611000000000004,0.23117,0.158796,0.377571
Joy Division,The Eternal,109.574,-14.043,0.474,11,0.507,1,0.327,0.529145,0.428521,0.026456999999999998,0.011597,0.07799199999999999,0.667754,0.260251,0.071489,0.024603,0.09567300000000001
Joy Division,Twenty Four Hours,131.73,-8.955,0.879,11,0.363,1,0.647,0.7305520000000001,0.190255,0.10663800000000001,0.010328,0.088179,0.670602,0.092649,0.28256,0.07206,0.115378
Keith Emerson,"The Endless Enigma Suite, Pt. 1",87.602,-11.705,0.374,3,0.17,1,0.0742,0.44161999999999996,0.011451000000000001,0.09199500000000001,0.42242799999999997,0.418972,0.163249,0.035764,0.418508,0.22769299999999998,0.111831
Keith Emerson,"The Endless Enigma Suite, Pt. 2",77.233,-10.944,0.298,3,0.262,1,0.234,0.622161,0.20448,0.222568,0.010998,0.107276,0.24178400000000003,0.488829,0.22488000000000002,0.078679,0.030784
Kim Kwang-seok,Get Up(with Common Ground),95.006,-6.377999999999999,0.516,15,0.6779999999999999,0,0.706,0.5860449999999999,0.12862,0.095394,0.319971,0.092836,0.283572,0.6823170000000001,0.019518999999999998,0.005543,0.021421
Kim Kwang-seok,Where the Wind Rises(with Hareem),107.939,-5.547999999999999,0.425,15,0.51,1,0.344,0.061125,0.777199,0.12598800000000002,0.01684,0.057153999999999996,0.081916,0.411206,0.546322,0.018625,0.030566000000000003
Kingston Wall,Alt-Land-Is,141.718,-6.346,0.873,16,0.274,0,0.213,0.46528400000000003,0.281263,0.183523,0.078637,0.125565,0.184115,0.606588,0.1114,0.035574,0.128617
Kingston Wall,Another Piece of Cake,95.799,-7.154,0.759,16,0.4320000000000001,0,0.471,0.58534,0.073866,0.138006,0.192299,0.305053,0.510027,0.070523,0.076275,0.066313,0.527358
Kingston Wall,For All Mankind,135.577,-9.081,0.652,16,0.368,1,0.133,0.459308,0.434884,0.054537999999999996,0.017946,0.09462000000000001,0.279149,0.5408689999999999,0.070849,0.11508499999999999,0.021249
Kingston Wall,"I'm the King, I'm the Sun",123.395,-6.884,0.893,16,0.489,1,0.33,0.10994100000000001,0.407991,0.064153,0.05587,0.18576900000000002,0.201871,0.754232,0.020565,0.005365999999999999,0.004209
Kingston Wall,Party Goes On,143.41899999999995,-5.794,0.948,16,0.332,0,0.264,0.590815,0.147351,0.23483,0.017214,0.201182,0.47907,0.529908,0.07407899999999999,0.6936140000000001,0.206429
Kingston Wall,Take You to Sweet Harmony,141.63,-8.204,0.604,16,0.605,1,0.482,0.223336,0.640638,0.07597000000000001,0.072357,0.049433,0.070617,0.8895059999999999,0.008587000000000001,0.003047,0.031058
Kingston Wall,The Real Thing,122.994,-10.419,0.397,16,0.24,1,0.0981,0.24036300000000002,0.663135,0.061972,0.026975,0.033884,0.466128,0.068156,0.146868,0.27374499999999996,0.357941
Kingston Wall,Welcome to the Mirrorland,111.384,-13.504,0.24,16,0.238,1,0.031,0.23570100000000002,0.34223000000000003,0.312909,0.07824199999999999,0.13105799999999998,0.21201199999999998,0.5370699999999999,0.151455,0.041498,0.157153
Link 80,Better Than Shit,113.987,-9.355,0.828,17,0.5429999999999999,0,0.919,0.802131,0.032898000000000004,0.074154,0.050223000000000004,0.264396,0.518599,0.530485,0.114353,0.065583,0.588812
Link 80,For What It's Worth,106.502,-9.748,0.477,17,0.423,0,0.302,0.195664,0.191159,0.6013229999999999,0.081433,0.545755,0.17498699999999998,0.257646,0.209011,0.090991,0.282053
Link 80,No Such Thing,108.361,-8.832,0.856,17,0.32299999999999995,1,0.782,0.473948,0.576551,0.066009,0.577431,0.612862,0.5181680000000001,0.025914,0.33371,0.08343300000000001,0.388598
Link 80,Packing Up,112.98,-8.867,0.943,17,0.446,1,0.488,0.519656,0.35168499999999997,0.178429,0.028876,0.088936,0.442672,0.16297899999999998,0.186156,0.103657,0.305782
Link 80,The Truth of It,107.876,-9.482,0.865,17,0.34,0,0.5870000000000001,0.831015,0.00617,0.25867199999999996,0.089908,0.088225,0.153645,0.020337,0.50495,0.017637,0.6189899999999999
Linkin Park,Halfway Right,134.028,-7.155,0.626,8,0.655,0,0.498,0.36681199999999997,0.006704000000000001,0.442687,0.084156,0.49058500000000005,0.386694,0.008253,0.609731,0.080569,0.25223
Linkin Park,Heavy (feat. Kiiara),149.982,-6.098,0.6709999999999999,8,0.59,1,0.438,0.389226,0.081558,0.42996,0.05207899999999999,0.382186,0.76677,0.221061,0.21837600000000001,0.068287,0.130314
Material Issue,A Very Good Thing,169.549,-5.8870000000000005,0.8909999999999999,1,0.221,1,0.552,0.49573500000000004,0.21876199999999998,0.20158800000000002,0.05049,0.24625,0.14438,0.552532,0.151046,0.017891,0.073528
Material Issue,Kim the Waitress,130.579,-7.65,0.721,1,0.223,1,0.337,0.24065799999999998,0.564863,0.13071300000000002,0.038981,0.108829,0.066475,0.45344700000000004,0.01459,0.195947,0.295011
Material Issue,She's Goin' Thru My Head,93.906,-5.7360000000000015,0.967,1,0.313,1,0.3670000000000001,0.076373,0.8293020000000001,0.008171,0.04596,0.058192999999999995,0.07194500000000001,0.529812,0.127191,0.144779,0.222442
Michael Hutchence,A Straight Line,122.9,-6.001,0.93,18,0.7140000000000001,1,0.722,0.661841,0.102076,0.10675499999999999,0.251952,0.05979299999999999,0.680657,0.033526,0.136639,0.152501,0.279412
Michael Hutchence,All I'm Saying,163.954,-8.357999999999999,0.518,18,0.442,0,0.407,0.446246,0.486385,0.061346000000000005,0.022756000000000002,0.023825,0.400428,0.382832,0.070636,0.05674,0.199603
Michael Hutchence,Baby It's Alright,95.823,-5.424,0.926,18,0.718,0,0.685,0.135363,0.010587000000000001,0.914667,0.058999,0.066664,0.053835,0.6956859999999999,0.044220999999999996,0.10921199999999999,0.062919
Michael Hutchence,Breathe,74.926,-8.443,0.61,18,0.52,0,0.409,0.144716,0.664877,0.020398,0.08694199999999999,0.14160699999999998,0.30919,0.27405300000000005,0.132993,0.176508,0.21304099999999998
Michael Hutchence,Don't Save Me from Myself,111.998,-6.5379999999999985,0.8959999999999999,18,0.69,1,0.398,0.210319,0.704581,0.027727999999999996,0.022736000000000003,0.048428,0.139307,0.19836099999999998,0.08248,0.07836,0.092968
Michael Hutchence,Fear,114.024,-7.457999999999998,0.848,18,0.648,0,0.55,0.557711,0.07512,0.095104,0.31911300000000004,0.22444099999999997,0.038942000000000004,0.037617000000000005,0.949075,0.063753,0.011715999999999999
Michael Hutchence,Flesh and Blood,195.894,-9.292,0.5,18,0.418,0,0.354,0.705152,0.033663,0.234323,0.141121,0.1726,0.16400499999999998,0.226569,0.069627,0.007232,0.02882
Michael Hutchence,Get on the Inside,93.935,-5.273,0.906,18,0.7170000000000001,1,0.805,0.68142,0.04407,0.155721,0.11991700000000001,0.301087,0.000672,0.106583,0.0009519999999999999,8E-06,0.0009369999999999999
Michael Hutchence,Let Me Show You,97.99,-7.097,0.851,18,0.531,0,0.477,0.6238229999999999,0.290663,0.075285,0.016844,0.08075700000000001,0.30988000000000004,0.07765599999999999,0.278221,0.18106,0.307732
Michael Hutchence,Possibilities,127.088,-7.211,0.684,18,0.531,1,0.378,0.035255,0.846499,0.016996,0.028224000000000003,0.091718,0.137872,0.165179,0.24095,0.383377,0.391719
Michael Hutchence,Put the Pieces Back Together,94.471,-6.252999999999999,0.855,18,0.69,1,0.436,0.514745,0.39587100000000003,0.048346,0.07460499999999999,0.06476599999999999,0.095411,0.421303,0.100467,0.436503,0.063981
Michael Hutchence,She Flirts for England,177.96,-6.851,0.852,18,0.519,1,0.623,0.28871199999999997,0.536136,0.133747,0.009535,0.10466900000000001,0.21411799999999998,0.20067000000000002,0.037313,0.047873,0.067958
Michael Hutchence,Slide Away,109.879,-9.217,0.608,18,0.6659999999999999,1,0.154,0.6682779999999999,0.07478,0.379628,0.035785000000000004,0.030107,0.233663,0.6790430000000001,0.061665,0.040177,0.021174000000000002
Nick Drake,From the Morning,109.002,-19.092,0.161,19,0.657,1,0.415,0.09412999999999999,0.698839,0.164126,0.064712,0.029126,0.23976599999999998,0.6304069999999999,0.018633,0.07449800000000001,0.044183
Nick Drake,Parasite,131.391,-16.472,0.204,19,0.61,1,0.255,0.38467399999999996,0.526892,0.026123,0.056898000000000004,0.047036,0.026767000000000003,0.11391300000000001,0.11516900000000001,0.45622399999999996,0.03855
Nick Drake,Pink Moon,82.321,-15.435,0.26,19,0.456,1,0.491,0.079012,0.561225,0.128174,0.22870900000000002,0.062936,0.009382999999999999,0.48072600000000004,0.022221,0.050707,0.008128
Nick Drake,Place to Be,83.34299999999998,-16.29,0.223,19,0.52,1,0.441,0.370682,0.471549,0.132857,0.019395,0.11039500000000001,0.291535,0.631843,0.042089999999999995,0.011042,0.061074
Nick Drake,Road,151.017,-16.119,0.264,19,0.585,0,0.778,0.301809,0.6094510000000001,0.070097,0.021167,0.046026,0.195444,0.229088,0.264964,0.068563,0.102968
Nick Drake,Things Behind the Sun,102.868,-17.421,0.175,19,0.6809999999999999,1,0.259,0.07899099999999999,0.8106800000000001,0.053022,0.020832,0.036635,0.5528069999999999,0.26154299999999997,0.116401,0.047688999999999995,0.159029
Nick Drake,Which Will,95.367,-17.283,0.185,19,0.637,0,0.43,0.065596,0.653016,0.035918,0.022096,0.037614,0.012489,0.8012520000000001,0.010265,0.004653,0.028675
Nicky Thomas,Have a Little Faith,113.088,-9.7,0.503,20,0.855,1,0.925,0.246966,0.7127060000000001,0.022874000000000002,0.015995,0.016503,0.039080000000000004,0.899185,0.021138,0.027344,0.020641999999999997
Nikolas Asimos,Bagasas,143.241,-12.338,0.306,21,0.535,1,0.188,0.8031119999999999,0.016881,0.202618,0.07418200000000001,0.175871,0.005016,0.913307,0.031892000000000004,0.015922,0.03688
Nikolas Asimos,Lina,123.181,-10.991,0.298,21,0.363,0,0.236,0.6396,0.686809,0.128118,0.086153,0.526718,0.5982430000000001,0.124705,0.22318200000000002,0.10654200000000001,0.525071
Nirvana,All Apologies,113.169,-12.109000000000002,0.621,11,0.447,1,0.364,0.391918,0.004248,0.27203499999999997,0.192433,0.5223220000000001,0.147811,0.710584,0.026660000000000003,0.019537,0.07936599999999999
Nirvana,Dumb,113.623,-13.585,0.394,11,0.695,1,0.845,0.5326270000000001,0.278146,0.077875,0.020064,0.22639,0.021163,0.884216,0.014147,0.012058,0.017561
Nirvana,Heart-Shaped Box,101.539,-10.233,0.677,11,0.494,1,0.316,0.749541,0.017626,0.178538,0.2639,0.089888,0.028573,0.593537,0.015606,0.011578,0.118248
Nirvana,Milk It,135.999,-12.354,0.531,11,0.468,0,0.532,0.159858,0.020794999999999998,0.068523,0.55233,0.548146,0.43245500000000003,0.379769,0.062374,0.185066,0.035677999999999994
Nirvana,Pennyroyal Tea,113.202,-7.985,0.477,11,0.504,0,0.0488,0.62073,0.117862,0.086663,0.090222,0.313067,0.15740099999999999,0.34878000000000003,0.036907,0.357265,0.28081799999999996
Nirvana,Radio Friendly Unit Shifter,155.644,-10.367,0.937,11,0.335,1,0.703,0.440672,0.05979400000000001,0.213558,0.142006,0.48637700000000006,0.689429,0.021322999999999998,0.078819,0.703553,0.707576
Nirvana,Rape Me,111.879,-10.613,0.743,11,0.416,1,0.259,0.08972000000000001,0.0070079999999999995,0.06277999999999999,0.65422,0.53828,0.223953,0.24649000000000001,0.288578,0.018318,0.182535
Nirvana,Serve the Servants,119.698,-8.673,0.906,11,0.438,1,0.674,0.690747,0.0070480000000000004,0.218637,0.10723800000000001,0.321022,0.637096,0.070412,0.040997000000000006,0.105906,0.22146500000000002
Nirvana,Tourette's,173.396,-10.963,0.913,11,0.27,0,0.337,0.31167100000000003,0.461854,0.245029,0.010684,0.0252,0.168148,0.743316,0.048818,0.03046,0.02695
Nirvana,Very Ape,151.994,-9.389,0.879,11,0.27,1,0.968,0.389687,0.25651399999999996,0.034223,0.233406,0.19478,0.13372,0.548004,0.011771,0.22590300000000002,0.06242999999999999
Owsley,Be With You,104.947,-3.738,0.912,1,0.523,1,0.299,0.47012,0.455504,0.053662,0.003529,0.09175599999999999,0.39094,0.504746,0.124454,0.008171,0.061871
Owsley,Dirty Bird,186.408,-4.517,0.906,1,0.275,1,0.28300000000000003,0.184777,0.705497,0.049556,0.016908000000000003,0.07537,0.095475,0.025074000000000003,0.08225,0.45919099999999996,0.05481799999999999
Owsley,Down,184.078,-4.792,0.8740000000000001,1,0.259,0,0.23,0.656801,0.042781,0.217052,0.030587,0.334483,0.722164,0.008694,0.278267,0.120152,0.202748
Owsley,Dude,168.019,-3.95,0.872,1,0.309,1,0.223,0.296622,0.341396,0.111241,0.219863,0.18903,0.481857,0.098255,0.10963900000000001,0.067014,0.500851
Owsley,Matriarch,105.78,-7.106,0.5529999999999999,1,0.521,1,0.133,0.1544,0.64239,0.110089,0.02365,0.11488399999999999,0.729459,0.175846,0.094251,0.017878,0.05895
Owsley,Rise,98.007,-4.479,0.8809999999999999,1,0.447,1,0.335,0.506958,0.0073409999999999994,0.555567,0.07057100000000001,0.208263,0.23955700000000002,0.163917,0.304836,0.20208099999999998,0.173261
Owsley,She's the One,84.198,-4.711,0.815,1,0.358,1,0.329,0.675372,0.117309,0.24721500000000002,0.042176,0.152971,0.637931,0.022913,0.326318,0.056625,0.272818
Owsley,The Hard Way,105.854,-5.9620000000000015,0.7559999999999999,1,0.511,0,0.274,0.322269,0.101365,0.19394,0.284161,0.127133,0.394882,0.299906,0.072558,0.12725899999999998,0.27965
Owsley,Undone,182.246,-4.025,0.929,1,0.29100000000000004,1,0.31,0.194958,0.693048,0.071702,0.032273,0.040299,0.201531,0.529275,0.164457,0.067845,0.107668
Phil Ochs,Chords Of Fame,162.878,-13.873,0.498,22,0.503,1,0.754,0.332246,0.419667,0.30141799999999996,0.049352,0.050575999999999996,0.39224899999999996,0.5293220000000001,0.030198000000000003,0.028508999999999996,0.052278
Phil Ochs,I Ain't Marching Anymore,131.10399999999998,-6.517,0.4920000000000001,22,0.498,1,0.662,0.21238600000000002,0.35904899999999995,0.43517700000000004,0.014927000000000001,0.142036,0.52491,0.013521,0.194613,0.133871,0.499914
Phil Ochs,Tape From California,134.208,-10.705,0.47,22,0.5579999999999999,1,0.624,0.388719,0.038419999999999996,0.229954,0.14918900000000002,0.561999,0.28933400000000004,0.15568099999999999,0.414996,0.24478000000000003,0.21387199999999998
Phil Ochs,The Pleasures of the Harbor,199.366,-11.97,0.54,22,0.453,1,0.948,0.336397,0.515628,0.105833,0.046533,0.08842,0.133931,0.757734,0.02023,0.017363,0.092316
Reagan Youth,(Are You) Happy,165.06599999999997,-16.45,0.586,23,0.278,0,0.413,0.023144,0.670756,0.591118,0.025475,0.065194,0.014669,0.479973,0.014431,0.02988,0.524667
Reagan Youth,Anytown,99.969,-13.951,0.733,23,0.391,0,0.413,0.526313,0.018594,0.293122,0.149542,0.387201,0.147662,0.209234,0.11916800000000001,0.074005,0.100725
Reagan Youth,Degenerated,202.696,-15.748,0.583,23,0.325,1,0.28,0.20354,0.13053299999999998,0.033405000000000004,0.265739,0.6194729999999999,0.070171,0.35978499999999997,0.045008,0.387015,0.316378
Reagan Youth,Go Nowhere,153.588,-15.215,0.545,23,0.433,1,0.7090000000000001,0.7469859999999999,0.065488,0.057665999999999995,0.13163699999999998,0.242421,0.15275,0.18636,0.087088,0.097015,0.539353
Reagan Youth,In Dog We Trust,190.118,-17.018,0.529,23,0.25,0,0.59,0.173288,0.25408800000000004,0.22869,0.062668,0.52505,0.042314,0.650664,0.12010499999999999,0.111437,0.124251
Reagan Youth,New Aryans,101.34,-15.774,0.695,23,0.386,0,0.615,0.147565,0.601478,0.02532,0.28027199999999997,0.006492,0.42385900000000004,0.27832399999999996,0.282867,0.075366,0.131341
Reagan Youth,No Class,206.195,-14.174,0.6559999999999999,23,0.341,1,0.404,0.36057,0.07201,0.20938600000000002,0.274413,0.391584,0.17831,0.038026,0.13052,0.23553000000000002,0.678787
Reagan Youth,Reagan Youth,189.998,-3.683,0.912,23,0.328,1,0.5489999999999999,0.165302,0.539941,0.160365,0.07497899999999999,0.493588,0.079199,0.163794,0.050473000000000004,0.025377,0.021844
Reagan Youth,USA,173.206,-5.843,0.945,24,0,0.324,,0.147395,0.35611,0.045396,0.066812,0.227048,0.101533,0.316837,0.252979,0.084159,0.43854499999999996
Sparklehorse,Angel's Harp,136.336,-5.252000000000002,0.69,25,0.502,0,0.423,0.144609,0.562678,0.27064499999999997,0.037181,0.073995,0.144609,0.562678,0.27064499999999997,0.037181,0.073995
Sparklehorse,Daddy's Gone,136.64600000000002,-6.832000000000002,0.728,25,0.513,1,0.383,0.22445199999999998,0.554002,0.072171,0.01838,0.065466,0.286001,0.40560300000000005,0.340279,0.01226,0.091337
Sparklehorse,Dark Night Of The Soul,146.033,-5.678,0.912,25,0.54,1,0.8390000000000001,0.43144099999999996,0.235121,0.485862,0.00223,0.011386,0.202907,0.175101,0.39160900000000004,0.031653,0.065897
Sparklehorse,Everytime I'm With You,108.03,-8.019,0.522,25,0.581,0,0.393,0.21707600000000002,0.011396,0.170693,0.20256,0.7403689999999999,0.231696,0.388333,0.083865,0.069591,0.33981500000000003
Sparklehorse,Grim Augury,77.967,-7.308,0.616,25,0.34700000000000003,0,0.5329999999999999,0.16449,0.440693,0.10676300000000001,0.03129,0.399857,0.327776,0.264424,0.34877199999999997,0.035022000000000005,0.161527
Sparklehorse,Insane Lullaby,85.021,-4.7860000000000005,0.6709999999999999,25,0.363,1,0.248,0.199205,0.596089,0.13962,0.081214,0.051815,0.23718899999999998,0.393005,0.086525,0.057317999999999994,0.244321
Sparklehorse,Jaykub,118.99,-7.077000000000001,0.659,25,0.551,1,0.37,0.08463999999999999,0.746661,0.02171,0.065362,0.12731099999999998,0.466056,0.364311,0.189909,0.012701,0.0753
Sparklehorse,Just War,98.225,-6.805,0.521,25,0.52,1,0.116,0.232343,0.02595,0.417609,0.17901,0.395811,0.354367,0.052365999999999996,0.40177199999999996,0.235202,0.33441
Sparklehorse,Little Girl,146.033,-5.678,0.912,25,0.54,1,0.8390000000000001,0.43992600000000004,0.13118,0.093552,0.089326,0.518975,0.109579,0.6393479999999999,0.056334,0.175179,0.081764
Sparklehorse,Pain,164.067,-4.532,0.978,25,0.304,1,0.0919,0.564647,0.035605,0.527958,0.077428,0.089558,0.855575,0.043088999999999995,0.132209,0.020201,0.125566
Sparklehorse,Revenge,142.178,-9.84,0.524,25,0.528,0,0.433,0.513418,0.010126000000000001,0.24788400000000002,0.067143,0.517925,0.582526,0.010919,0.550027,0.046411,0.11398900000000001
Sparklehorse,Star Eyes (I Can't Catch It),125.963,-4.971,0.546,25,0.47,1,0.197,0.246656,0.71419,0.023750999999999998,0.007248999999999999,0.016101,0.30251999999999996,0.044525999999999996,0.21100100000000002,0.062923,0.11290599999999999
Sparklehorse,The Man Who Played God,70.493,-5.563,0.634,25,0.561,1,0.395,0.221152,0.562717,0.081177,0.041422,0.181925,0.069771,0.747904,0.079223,0.03136,0.098133
Stone Temple Pilots,Black Heart,125.013,-4.388,0.81,8,0.483,1,0.735,0.111857,0.736538,0.11613299999999999,0.041165,0.042175,0.569168,0.068121,0.192255,0.0050149999999999995,0.035487
Stone Temple Pilots,Cry cry,122.956,-3.65,0.6990000000000001,8,0.5589999999999999,1,0.82,0.722693,0.010685,0.174765,0.109839,0.307745,0.829983,0.083276,0.023507,0.075066,0.054470000000000005
Stone Temple Pilots,Out of time,159.086,-3.3310000000000004,0.951,8,0.328,1,0.708,0.684967,0.315332,0.015453,0.0026149999999999997,0.027262,0.33329699999999995,0.152815,0.110507,0.078283,0.253979
Stone Temple Pilots,Same On The Inside,116.634,-3.705,0.923,8,0.451,1,0.462,0.7390439999999999,0.022040999999999998,0.10886900000000001,0.121173,0.29841999999999996,0.173369,0.25445100000000004,0.047310000000000005,0.05198200000000001,0.26388
Stone Temple Pilots,Tomorrow,146.632,-4.337,0.871,8,0.313,1,0.49,0.56984,0.282518,0.188103,0.013303,0.070217,0.823667,0.026173000000000002,0.288041,0.009393,0.028044
Susan Fassbender,Merry-go-round,130.627,-10.002,0.485,1,0.569,1,0.484,0.58424,0.639891,0.102862,0.066089,0.12251600000000001,0.579029,0.542058,0.144786,0.08772,0.089537
The Raphaels,Old Country Country,158.567,-5.024,0.757,26,0.412,1,0.569,0.462499,0.327173,0.17737,0.13728900000000002,0.088144,0.14927100000000001,0.7650819999999999,0.028654000000000002,0.028972,0.048907
The Raphaels,Private Battlefield,95.245,-7.175,0.387,26,0.542,1,0.315,0.314963,0.24753699999999998,0.339996,0.087007,0.260707,0.40865100000000004,0.190556,0.264058,0.093377,0.29953
The Raphaels,Shattered Cross,124.615,-8.762,0.625,26,0.627,1,0.588,0.595226,0.035183,0.07409299999999999,0.064158,0.391269,0.694279,0.010499,0.177451,0.238605,0.22559099999999999
The Raphaels,Simple Man,131.42,-6.244,0.8009999999999999,26,0.619,0,0.59,0.534858,0.25790599999999997,0.20582399999999998,0.029403,0.148068,0.189959,0.6516609999999999,0.04774,0.053579999999999996,0.133208
The Raphaels,Supernatural,168.93200000000004,-7.68,0.6970000000000001,26,0.426,1,0.462,0.28962899999999997,0.36432,0.42481599999999997,0.004731,0.06499400000000001,0.17033299999999998,0.176688,0.124372,0.077654,0.090723
The Raphaels,Too Many Ghosts,143.89600000000004,-5.944,0.784,26,0.416,0,0.203,0.43399,0.06270099999999999,0.237304,0.293469,0.305579,0.149596,0.661976,0.119868,0.019986,0.051029000000000005
The Raphaels,Toujour Aimez,116.558,-10.148,0.358,26,0.713,1,0.601,0.548287,0.277011,0.13402999999999998,0.125177,0.06915299999999999,0.054324000000000004,0.620224,0.109009,0.10546400000000002,0.19359500000000002
The Whitlams,End of Your World,174.665,-6.859,0.6729999999999999,18,0.301,0,0.3,0.41903599999999996,0.207378,0.231329,0.157396,0.191334,0.12303299999999999,0.35581,0.129437,0.10057,0.46637399999999996
The Whitlams,Following My Own Tracks,174.59900000000005,-5.557,0.946,18,0.431,1,0.54,0.544606,0.089839,0.176313,0.039594,0.430388,0.487604,0.012162000000000001,0.269881,0.09132,0.501833
The Whitlams,Hollow Log,113.518,-8.869,0.845,18,0.603,1,0.927,0.096587,0.8245389999999999,0.051979,0.018803,0.005412,0.32153699999999996,0.327071,0.024071000000000002,0.019114,0.020732
The Whitlams,Pass the Flagon,123.657,-6.917000000000002,0.727,18,0.642,1,0.86,0.28445,0.604597,0.121102,0.031142000000000003,0.020045,0.537496,0.005632,0.42069799999999996,0.12343,0.28830700000000004
The Whitlams,Shining,187.453,-6.87,0.856,18,0.236,1,0.596,0.614027,0.324979,0.12080899999999999,0.004614,0.017601,0.722781,0.07155399999999999,0.360536,0.001506,0.023823
The Whitlams,You don't even know my name,172.524,-13.14,0.332,18,0.4320000000000001,1,0.269,0.271079,0.49355699999999997,0.15521300000000002,0.017121,0.072726,0.177392,0.5808,0.13079100000000002,0.060534000000000004,0.068646
Viro the Virus,Exscape,175.99,-13.961,0.54,27,0.73,1,0.519,0.651416,0.011448,0.29334299999999996,0.048602,0.33284899999999995,0.701092,0.037149,0.129373,0.070778,0.221538
Viro the Virus,Heat,90.014,-5.181,0.708,27,0.7020000000000001,1,0.5670000000000001,0.205475,0.006823,0.079993,0.484703,0.602852,0.126789,0.009195,0.10771700000000001,0.463521,0.656356
Yavuz Cetin,Benimle Ucmak Ister misin,77.09899999999998,-7.842,0.72,3,0.277,1,0.446,0.6190859999999999,0.012711,0.35570999999999997,0.07876,0.265359,0.28058099999999997,0.020041999999999997,0.801109,0.05430599999999999,0.070621
Yavuz Cetin,Hersey Biter,90.399,-7.327000000000001,0.695,3,0.5429999999999999,0,0.556,0.404332,0.194486,0.405445,0.117703,0.134858,0.387925,0.452592,0.126682,0.026273,0.12626800000000002
Yavuz Cetin,Sadece Senin Olmak,83.637,-8.618,0.649,3,0.478,1,0.6,0.42355299999999996,0.44758400000000004,0.174226,0.010201,0.028618,0.27219699999999997,0.612961,0.054876999999999995,0.023693000000000002,0.051322
Yavuz Cetin,Yasamak Istemem,82.73100000000002,-8.222000000000001,0.596,3,0.405,0,0.444,0.15521300000000002,0.362808,0.061548,0.083438,0.47066,0.469788,0.217608,0.181086,0.006335,0.06819700000000001